raw_url,sum_traffic,keywords
https://www.siegemedia.com/creation/content-creator,11079,595
https://www.siegemedia.com/seo/most-popular-keywords,9852,2138
https://www.siegemedia.com/strategy/best-seo-services,7626,1172
https://www.siegemedia.com/strategy/best-content-marketing-agencies,6756,888
https://www.siegemedia.com/strategy/best-b2b-marketing-agencies,5938,451
https://www.siegemedia.com/strategy/business-blog-examples,3523,441
https://www.siegemedia.com/seo/pricing,3221,429
https://www.siegemedia.com/strategy/best-link-building-services,3191,393
https://www.siegemedia.com/strategy/best-content-creation-services,2681,284
https://www.siegemedia.com/seo/best-enterprise-seo-agencies,2571,484
https://www.siegemedia.com/contrast-ratio,2312,1227
https://www.siegemedia.com/,1742,313
https://www.siegemedia.com/embed-code-generator,1692,181
https://www.siegemedia.com/creation/aida-model,1613,292
https://www.siegemedia.com/marketing/link-building-strategies,1569,538
https://www.siegemedia.com/seo/b2b-seo-agencies,1507,111
https://www.siegemedia.com/strategy/best-digital-pr-services,1449,288
https://www.siegemedia.com/creation/best-content-writing-services,1316,276
https://www.siegemedia.com/strategy/best-b2b-content-marketing-agencies,1296,83
https://www.siegemedia.com/creation/hyphen-guide,1205,1437
https://www.siegemedia.com/creation/seo-content-writing-services,953,108
https://www.siegemedia.com/creation/blog-post-templates,904,221
https://www.siegemedia.com/seo/what-is-link-building,866,444
https://www.siegemedia.com/creation/best-content-management-systems,850,444
https://www.siegemedia.com/strategy/best-fintech-marketing-agencies,744,109
https://www.siegemedia.com/strategy/content-marketing-examples,688,345
https://www.siegemedia.com/seo/content-strategy,657,296
https://www.siegemedia.com/strategy/content-marketing-statistics,641,361
https://www.siegemedia.com/strategy/evergreen-content,640,155
https://www.siegemedia.com/marketing/what-is-digital-pr,627,92
https://www.siegemedia.com/seo/financial-services,627,88
https://www.siegemedia.com/creation/best-infographics,577,214
https://www.siegemedia.com/creation/about-us-page-examples,570,250
https://www.siegemedia.com/marketing/creative-content,543,195
https://www.siegemedia.com/creation/content-strategy-examples,520,243
https://www.siegemedia.com/strategy/bounce-rate,415,209
https://www.siegemedia.com/creation/blog-title-examples,403,182
https://www.siegemedia.com/services/seo,400,334
https://www.siegemedia.com/seo/common-seo-mistakes,357,39
https://www.siegemedia.com/creation/interactive-content,349,122
https://www.siegemedia.com/marketing/outreach-email-template,346,309
https://www.siegemedia.com/marketing/digital-pr-examples,326,236
https://www.siegemedia.com/creation/content-marketing-cost,318,285
https://www.siegemedia.com/strategy/increase-website-traffic,269,967
https://www.siegemedia.com/creation/author-bio,268,551
https://www.siegemedia.com/creation/animated-infographics,248,66
https://www.siegemedia.com/creation/content-design,223,57
https://www.siegemedia.com/strategy/content-marketing-roi,207,126
https://www.siegemedia.com/creation/jasper-ai-review,205,134
https://www.siegemedia.com/strategy/best-saas-content-marketing-agency,204,32
https://www.siegemedia.com/marketing/cold-email-subject-lines,203,434
https://www.siegemedia.com/strategy/content-strategy-template,172,38
https://www.siegemedia.com/creation/content-marketing-best-practices,171,82
https://www.siegemedia.com/seo/blog-design-best-practices,168,278
https://www.siegemedia.com/creation/blog-post-outline,163,144
https://www.siegemedia.com/seo/title-tags,161,244
https://www.siegemedia.com/seo/what-is-eat,160,69
https://www.siegemedia.com/strategy/content-marketing-trends,158,157
https://www.siegemedia.com/creation/data-sources,151,149
https://www.siegemedia.com/strategy/b2b-saas-marketing-strategies,139,161
https://www.siegemedia.com/strategy/wordpress-seo-agency,136,33
https://www.siegemedia.com/strategy/what-is-a-content-hub,125,61
https://www.siegemedia.com/creation/what-makes-good-blog-post,124,238
https://www.siegemedia.com/strategy/saas-marketing-agency,121,104
https://www.siegemedia.com/strategy/keyword-research,119,179
https://www.siegemedia.com/marketing/how-to-find-someones-email-address,115,954
https://www.siegemedia.com/marketing/diversity-equity-inclusion,108,108
https://www.siegemedia.com/creation/seo-friendly-content,107,127
https://www.siegemedia.com/seo/link-building-cost,105,93
https://www.siegemedia.com/creation/seo-content,105,141
https://www.siegemedia.com/creation/business-blog-ideas,98,132
https://www.siegemedia.com/seo/best-seo-podcasts,88,37
https://www.siegemedia.com/creation/content-editing,88,41
https://www.siegemedia.com/seo/e-commerce,87,139
https://www.siegemedia.com/seo/the-most-common-words-in-high-ranking-title-tags,87,4
https://www.siegemedia.com/seo/how-to-create-the-best-url-structures,81,108
https://www.siegemedia.com/strategy/enterprise-content-marketing-strategy,80,31
https://www.siegemedia.com/seo/best-ecommerce-seo-agency,77,107
https://www.siegemedia.com/services/link-building,71,96
https://www.siegemedia.com/strategy/ecommerce-content-marketing,71,37
https://www.siegemedia.com/strategy/content-strategy-agency,69,17
https://www.siegemedia.com/marketing/best-time-to-send-cold-email,68,136
https://www.siegemedia.com/marketing/how-to-get-backlinks,65,166
https://www.siegemedia.com/creation/blog-post-images,62,117
https://www.siegemedia.com/strategy/ai-content-marketing,58,48
https://www.siegemedia.com/seo/content-audit,55,84
https://www.siegemedia.com/creation/ecommerce-content-management-systems,55,61
https://www.siegemedia.com/seo/ymyl,52,33
https://www.siegemedia.com/strategy/ecommerce-marketing-strategies,51,175
https://www.siegemedia.com/strategy/ecommerce-marketing-agencies,50,167
https://www.siegemedia.com/creation/best-content-marketing-courses,48,124
https://www.siegemedia.com/seo/saas,43,54
https://www.siegemedia.com/strategy/b2b-content-marketing,39,82
https://www.siegemedia.com/strategy/leveling-up-success-method,38,31
https://www.siegemedia.com/services/content-marketing,38,55
https://www.siegemedia.com/creation/types-of-content-marketing,37,39
https://www.siegemedia.com/strategy/off-page-seo,36,126
https://www.siegemedia.com/services/copywriting,36,14
https://www.siegemedia.com/strategy/content-marketing-for-startups,36,23
https://www.siegemedia.com/seo/post-structure-for-seo,35,13
https://www.siegemedia.com/seo/fintech,31,22
https://www.siegemedia.com/strategy/seo-strategy,31,27
https://www.siegemedia.com/marketing/digital-pr-cost,30,50
https://www.siegemedia.com/team/kayla-colbert,26,1
https://www.siegemedia.com/services/web-design,23,61
https://www.siegemedia.com/courses/content-marketing,21,132
https://www.siegemedia.com/careers,21,40
https://www.siegemedia.com/creation/content-curation,20,82
https://www.siegemedia.com/strategy/on-page-seo,20,101
https://www.siegemedia.com/services/content-localization,19,16
https://www.siegemedia.com/strategy/benefits-of-content-marketing,18,16
https://www.siegemedia.com/seo/topic-clusters,18,51
https://www.siegemedia.com/marketing/content-marketing-tips,14,19
https://www.siegemedia.com/creation/importxml-google-sheets,13,56
https://www.siegemedia.com/team/stacy-walden,12,5
https://www.siegemedia.com/services/content-creation,12,17
https://www.siegemedia.com/team/ashley-carlisle,11,3
https://www.siegemedia.com/creation/content-marketing-tools,11,49
https://www.siegemedia.com/team/riddhi-shah,10,2
https://www.siegemedia.com/marketing/google-search-operators,9,115
https://www.siegemedia.com/strategy/video-marketing-statistics,9,70
https://www.siegemedia.com/strategy/fintech-statistics,8,59
https://www.siegemedia.com/seo/best-fintech-seo-agencies,8,12
https://www.siegemedia.com/creation/b2b-seo-content-strategy,8,18
https://www.siegemedia.com/team/ross-hudgens,8,24
https://www.siegemedia.com/strategy/kob-analysis,8,10
https://www.siegemedia.com/creation/research-backed-content,8,33
https://www.siegemedia.com/strategy/fintech-marketing-strategies,7,24
https://www.siegemedia.com/creation/content-marketing-podcasts,6,21
https://www.siegemedia.com/strategy/digital-pr-strategies,6,21
https://www.siegemedia.com/services/graphic-design,5,16
https://www.siegemedia.com/team/kristin-beach,5,2
https://www.siegemedia.com/strategy/ai-writing-statistics,5,154
https://www.siegemedia.com/team/david-timm,5,3
https://www.siegemedia.com/team/skylar-schmidt,5,3
https://www.siegemedia.com/seo/ai-overviews-impact-report,5,38
https://www.siegemedia.com/marketing/popular-subreddits-by-industry,4,81
https://www.siegemedia.com/about,4,13
https://www.siegemedia.com/seo/the-best-shopify-seo-companies-2023,4,13
https://www.siegemedia.com/seo/seo-writing,4,109
https://www.siegemedia.com/seo/kwr-emerging-trends,4,15
https://www.siegemedia.com/strategy/saas-marketing-trends,4,7
https://www.siegemedia.com/team/jeremy-payton,4,2
https://www.siegemedia.com/services/ecommerce-organic-growth-agency,4,7
https://www.siegemedia.com/creation/high-converting-content,4,10
https://www.siegemedia.com/strategy/blogging-statistics,4,22
https://www.siegemedia.com/creation/seo-copywriting-tips,4,28
https://www.siegemedia.com/seo/google-image-search,4,22
https://www.siegemedia.com/team/jose-manzo,3,1
https://www.siegemedia.com/marketing/product-led-digital-pr,3,23
https://www.siegemedia.com/seo/how-to-rank-higher-on-google,3,16
https://www.siegemedia.com/team/noah-swor,3,4
https://www.siegemedia.com/creation/how-to-use-haro,3,41
https://www.siegemedia.com/creation/content-creation,3,23
https://www.siegemedia.com/strategy/content-manager-job-description,3,63
https://www.siegemedia.com/contact,3,10
https://www.siegemedia.com/conversation/chip-malt,3,5
https://www.siegemedia.com/seo/gpt3,3,4
https://www.siegemedia.com/marketing/manual-link-building,3,23
https://www.siegemedia.com/services/digital-pr,2,23
https://www.siegemedia.com/strategy/content-refresh,2,9
https://www.siegemedia.com/services/san-diego-video-production,2,43
https://www.siegemedia.com/conversation/tom-critchlow-seo-consulting,2,10
https://www.siegemedia.com/team/jesse-mcdonald,2,2
https://www.siegemedia.com/team/luke-strauss,2,2
https://www.siegemedia.com/creation/infographics,2,13
https://www.siegemedia.com/team/april-seifert,2,1
https://www.siegemedia.com/team/dalton-west,2,2
https://www.siegemedia.com/blog,2,17
https://www.siegemedia.com/team/debbie-gregg,2,2
https://www.siegemedia.com/seo/skyscraper-technique,2,20
https://www.siegemedia.com/creation/content-development,2,12
https://www.siegemedia.com/services/san-diego-video-production/case-studies,2,5
https://www.siegemedia.com/seo/best-shopify-seo-companies,2,20
https://www.siegemedia.com/team/kim-lawler,2,1
https://www.siegemedia.com/conversation/michael-king-seo,1,2
https://www.siegemedia.com/team/chris-bernal,1,1
https://www.siegemedia.com/careers/freelancer,1,3
https://www.siegemedia.com/team/gillian-levine,1,1
https://www.siegemedia.com/conversation/jonathan-newar,1,12
https://www.siegemedia.com/seo/nick-eubanks,1,2
https://www.siegemedia.com/team/lydia-mcallister,1,3
https://www.siegemedia.com/conversation/ryan-darani,1,1
https://www.siegemedia.com/strategy/grow-an-agency,1,16
https://www.siegemedia.com/team/marisa-schoen,1,1
https://www.siegemedia.com/seo/search-clicks,1,4
https://www.siegemedia.com/strategy/seo-tips,1,28
https://www.siegemedia.com/creation/how-to-write-a-blog-post,1,32
https://www.siegemedia.com/team/chris-boutte,1,1
https://www.siegemedia.com/conversation/derek-flanzraich,1,2
https://www.siegemedia.com/team/katie-greene,1,3
https://www.siegemedia.com/team/drew-page,1,2
https://www.siegemedia.com/team/michael-archambault,1,2
https://www.siegemedia.com/wp-content/themes/SiegeMedia2022/assets/imgs/careers/?SD,1,1
https://www.siegemedia.com/services/content-strategy,1,6
https://www.siegemedia.com/strategy/saas-content-marketing,1,16
https://www.siegemedia.com/team/jessica-santos,1,2
https://www.siegemedia.com/team/megan-orr,1,1
https://www.siegemedia.com/conversation/brodie-clark,1,5
https://www.siegemedia.com/team/sydney-fuhrman,1,4
https://www.siegemedia.com/creation/10-content-creators-to-inspire-your-content-marketing,1,15
https://www.siegemedia.com/marketing/link-relevancy,1,16
https://www.siegemedia.com/team/clint-hess,1,1
https://www.siegemedia.com/conversation/david-palombo-launch-that,0,1
https://www.siegemedia.com/strategy/train-content-marketer,0,1
https://www.siegemedia.com/team/csaba-gyulai,0,1
https://www.siegemedia.com/team/mari-mankle,0,1
https://www.siegemedia.com/team/mike-giles,0,2
https://www.siegemedia.com/team/ana-bentes,0,2
https://www.siegemedia.com/strategy/link-building-vs-content-marketing,0,2
https://www.siegemedia.com/services/fintech-organic-growth-agency,0,4
https://www.siegemedia.com/team/sydney-vrban,0,1
https://www.siegemedia.com/team/melissa-holmes,0,4
https://www.siegemedia.com/conversation/content-strategy-2020,0,1
https://www.siegemedia.com/conversation/hiring-writers-at-scale,0,2
https://www.siegemedia.com/wp-content/uploads/2015/09/Case-Study-B2B-10x-Site-Traffic.pdf,0,1
https://www.siegemedia.com/marketing/qualify-sites-for-link-outreach,0,2
https://www.siegemedia.com/team/meria-ivy,0,1
https://www.siegemedia.com/strategy/hire-content-marketers,0,2
https://www.siegemedia.com/seo/high-impact-seo-consulting,0,7
https://www.siegemedia.com/services/saas-organic-growth-agency,0,6
https://www.siegemedia.com/seo/organization-tips-for-seos,0,2
https://www.siegemedia.com/conversation/nick-lafferty,0,1
https://www.siegemedia.com/conversation/lily-ray,0,2
https://www.siegemedia.com/marketing/10-outreach-best-practices-that-separate-success-from-failure,0,3
https://www.siegemedia.com/work/ecommerce,0,2
https://www.siegemedia.com/team/tess-halpren,0,1
https://www.siegemedia.com/conversation/nick-leroy-future-of-seo-jobs,0,6
https://www.siegemedia.com/team/kiana-mason,0,1
https://www.siegemedia.com/creation/wordpress-vs-shopify,0,33
https://www.siegemedia.com/seo/create-sidebars-help-seo,0,12
https://www.siegemedia.com/creation/content-in-boring-industries,0,1
https://www.siegemedia.com/conversation/bernard-huang-clearscope,0,2
https://www.siegemedia.com/wp-content/uploads/2022/01/Case-Study-anonymous-1.pdf,0,1
https://www.siegemedia.com/conversation/aj-kohn,0,1
https://www.siegemedia.com/team/ben-lyso,0,2
https://www.siegemedia.com/team/amanda-nolan,0,1
https://www.siegemedia.com/strategy/enterprise-seo-consultants,0,18
https://www.siegemedia.com/team/briana-marvell,0,2
https://www.siegemedia.com/team/hachem-ramki,0,2
https://www.siegemedia.com/wp-content/uploads/2021/09/How-Siege-Media-Increased-Possible-Finance-Traffic-Value-from-0-to-100K.pdf,0,1
https://www.siegemedia.com/strategy/ecommerce-statistics,0,40
https://www.siegemedia.com/team/kiera-hoefle,0,1
https://www.siegemedia.com/strategy/hiring-a-content-marketer,0,1
https://www.siegemedia.com/conversation/how-to-actually-get-seo-projects-accomplished-with-tory-gray,0,1
https://www.siegemedia.com/strategy/programmatic-seo,0,4
https://www.siegemedia.com/wp-content/uploads/2021/03/How-Siege-Media-Increased-Everlywell-Organic-Traffic-by-83-Percent.pdf,0,1
https://www.siegemedia.com/creation/linkable-asset-ideas,0,7
https://www.siegemedia.com/seo/google-testing-company-photos,0,1
https://www.siegemedia.com/seo/questions-for-seo-agency,0,1
https://www.siegemedia.com/conversation/abby-reimer,0,1
https://www.siegemedia.com/strategy/on-page-content-marketing-best-practices,0,1
https://www.siegemedia.com/marketing/organic-discovery-vs-pitchable-serps,0,1
https://www.siegemedia.com/team/shelley-marshall,0,1
https://www.siegemedia.com/conversation/devin-bramhall,0,2
https://www.siegemedia.com/strategy/social-media-marketing-world-2014-recap,0,1
https://www.siegemedia.com/work/saas,0,4
https://www.siegemedia.com/creation/b2b-content-strategy,0,9
https://www.siegemedia.com/conversation/gaetano-dinardi,0,1
https://www.siegemedia.com/strategy/top-funnel-seo-content,0,1
https://www.siegemedia.com/seo/keywords-worst-ctr,0,5
https://www.siegemedia.com/seo/strategic-link-building-mistakes,0,1
https://www.siegemedia.com/conversation/enterprise-seo-github,0,1
https://www.siegemedia.com/work/fintech,0,4
https://www.siegemedia.com/marketing/how-to-write-a-follow-up-email,0,11
https://www.siegemedia.com/wp-content/uploads/pdfs/How-Siege-Media-Helped-Embroker-Rank-1-for-Startup-Insurance-in-6-Months.pdf,0,1
https://www.siegemedia.com/marketing/cost-per-link-analysis,0,5
https://www.siegemedia.com/marketing/link-building-prospecting-scorecard,0,11
https://www.siegemedia.com/seo/youtube,0,4
https://www.siegemedia.com/team/shea-stevens,0,6
https://www.siegemedia.com/team/andrew-craig,0,3
https://www.siegemedia.com/marketing/advanced-link-reclamation,0,8
https://www.siegemedia.com/marketing/strategic-vs-tactical-link-building,0,4
https://www.siegemedia.com/conversation/kristan-bauer,0,1
https://www.siegemedia.com/creation/why-and-how-infographics-work,0,11
https://www.siegemedia.com/conversation/link-impacts-by-serp,0,1
https://www.siegemedia.com/seo/land-and-expand-strategy,0,2
https://www.siegemedia.com/team/jen-pedrozo,0,1
https://www.siegemedia.com/strategy/content-marketing-trends-2023,0,1
https://www.siegemedia.com/conversation/how-to-do-keyword-research,0,2
https://www.siegemedia.com/team/lyric-mott,0,1
https://www.siegemedia.com/team/raine-guerrero,0,1
https://www.siegemedia.com/thanks-for-contacting-us,0,1
https://www.siegemedia.com/wp-content/uploads/2020/06/Infographic-Post-Template.pdf,0,1
https://www.siegemedia.com/page/6?search=Mary Staples&industry=agency&region=united-states,0,1
https://www.siegemedia.com/work/health,0,1
https://www.siegemedia.com/wp-content/uploads/2020/11/How-Siege-Media-Grew-Shutterfly-to-1.7M-in-Monthly-Traffic-Value.pdf,0,3
https://www.siegemedia.com/wp-content/uploads/2021/06/on-page-seo-checklist.pdf,0,1
https://www.siegemedia.com/conversation/seo-content-neville-medhora,0,1
https://www.siegemedia.com/wp-content/themes/SiegeMedia2022/assets/imgs/logos/?ND,0,2
https://www.siegemedia.com/seo/reddit-seo-guide,0,1
https://www.siegemedia.com/creation/google-consumer-surveys-for-content-marketers,0,3
https://www.siegemedia.com/creation/copywriting,0,1
https://www.siegemedia.com/team/brad-daiber,0,1
https://www.siegemedia.com/wp-includes/js/mediaelement/,0,1
https://www.siegemedia.com/conversation/seo-stop-worrying-about,0,1
https://www.siegemedia.com/marketing/stumbleupon-marketing-guide,0,1
https://www.siegemedia.com/team/michael-kern,0,4
https://www.siegemedia.com/wp-content/themes/SiegeMedia2022/assets/ebooks/Siege Media eBook - How To Increase Website Traffic.pdf,0,1
https://www.siegemedia.com/team/cady-cohen,0,2
https://www.siegemedia.com/conversation/aleyda-solis,0,3
https://www.siegemedia.com/strategy/content-marketing-interview-questions,0,19
https://www.siegemedia.com/strategy/infographic-embed-codes,0,1
https://www.siegemedia.com/conversation/recession-proof-content-marketing,0,2
https://www.siegemedia.com/seo/ctr-ranking-factor,0,5
https://www.siegemedia.com/conversation/bofu-content-strategies,0,3
https://www.siegemedia.com/creation/how-much-content,0,2
https://www.siegemedia.com/seo/freshness-distance,0,5
https://www.siegemedia.com/marketing/blogger-outreach,0,1
https://www.siegemedia.com/team/michelle-albert,0,2
https://www.siegemedia.com/page/9?attachment_id=mxffqjniewkyxrw,0,1
https://www.siegemedia.com/team/danielle-devay,0,1
https://www.siegemedia.com/wp-content/uploads/2021/01/How-Siege-Media-Increased-Tushyâ€™s-Organic-Traffic-by-168.pdf,0,1
https://www.siegemedia.com/seo/blog-setup-incorrectly,0,2
https://www.siegemedia.com/team/emily-campbell,0,1
https://www.siegemedia.com/conversation/kelsey-jones-six-stories,0,1
https://www.siegemedia.com/wp-content/plugins/wp-rocket/inc/Engine/CDN/RocketCDN/,0,1
https://www.siegemedia.com/team/lindsey-stefanka,0,1
https://www.siegemedia.com/team/allisa-boulette,0,1
https://www.siegemedia.com/team/samantha-edwards,0,1
https://www.siegemedia.com/conversation/how-to-brainstorm-content-effectively,0,4
https://www.siegemedia.com/team/autumn-hutchins,0,3
https://www.siegemedia.com/seo/image-snippets-on-mobile,0,2
https://www.siegemedia.com/marketing/how-to-pitch-infographics,0,18
https://www.siegemedia.com/creation/blog-introductions,0,19
https://www.siegemedia.com/wp-content/plugins/wp-rocket/inc/Engine/Common/ExtractCSS/?SD,0,1
https://www.siegemedia.com/wp-content/uploads/pdfs/How-Siege-Media-Increased-FragranceXs-Organic-Traffic-by-250000-Plus-Monthly-Visits.pdf,0,1
https://www.siegemedia.com/strategy/5-strategies-building-50-person-agency,0,1
https://www.siegemedia.com/conversation/ibm-digital-marketing,0,4
https://www.siegemedia.com/conversation/sparktoro-content-marketing,0,2
https://www.siegemedia.com/team/kimberly-lostroscio,0,1
https://www.siegemedia.com/conversation/mark-barrera-trustradius,0,3
https://www.siegemedia.com/team/timothy-walker,0,1
https://www.siegemedia.com/wp-content/plugins/wp-rocket/assets/js/lazyload/11.0.6/?ND,0,1
https://www.siegemedia.com/seo/google-ranking-factors,0,9
https://www.siegemedia.com/wp-content/uploads/2015/09/Case-Study-E-commerce-60-More-Traffic.pdf,0,1
https://www.siegemedia.com/marketing/b2b-outreach-market,0,2
https://www.siegemedia.com/conversation/less-manual-link-building,0,1
https://www.siegemedia.com/strategy/content-and-seo-in-2018,0,2
https://www.siegemedia.com/conversation/googles-algo-leak,0,6
https://www.siegemedia.com/team/griffin-parrish,0,2
https://www.siegemedia.com/wp-content/plugins/wp-rocket/inc/Engine/CDN/RocketCDN/?MA,0,4
https://www.siegemedia.com/wp-content/plugins/wp-rocket/inc/Engine/CDN/RocketCDN/?SD,0,3
https://www.siegemedia.com/strategy/cost-keyword-value,0,3
https://www.siegemedia.com/wp-content/uploads/pdfs/How-Siege-Media-Grow-Gallant-from-0-to-80000-Monthly-Organic-Visits.pdf,0,7
https://www.siegemedia.com/marketing/paddy-moogan-aira,0,2
https://www.siegemedia.com/strategy/saas-marketing-strategies,0,14
https://www.siegemedia.com/team/cecilia-gillen,0,3
https://www.siegemedia.com/services/rise,0,3
https://www.siegemedia.com/wp-content/plugins/wp-rocket/inc/Dependencies/League/Container/Argument/?MD,0,1
https://www.siegemedia.com/conversation/tom-critchlow-seo,0,3
